source,domain,scenario_name,density_pct,policy,metric,mean,ci_low,ci_high,ci_width,interval_collapsed,n_seeds
primary_yellow_green,yellow,primary_dispatch_d10_w5_det4,10,coldstart,profit_per_launched_driver,-8.08,-8.08,-8.08,0.0,True,5
primary_yellow_green,yellow,primary_dispatch_d10_w5_det4,10,coldstart,served_riders,160.0,160.0,160.0,0.0,True,5
primary_yellow_green,yellow,primary_dispatch_d10_w5_det4,10,coldstart,rider_service_rate,0.041,0.041,0.041,0.0,True,5
primary_yellow_green,yellow,primary_dispatch_d10_w5_det4,10,coldstart,mean_wait_min,2.51,2.51,2.51,0.0,True,5
primary_yellow_green,yellow,primary_dispatch_d10_w5_det4,10,coldstart,mean_matched_riders_per_driver,0.16,0.16,0.16,0.0,True,5
primary_yellow_green,yellow,primary_dispatch_d10_w5_det4,10,coldstart,mean_eval_time_s,0.0173,0.0173,0.0173,0.0,True,5
primary_yellow_green,yellow,primary_dispatch_d10_w5_det4,10,coldstart,mean_batch_runtime_s,0.0368999999999999,0.0368999999999999,0.0368999999999999,0.0,True,5
primary_yellow_green,yellow,primary_dispatch_d10_w5_det4,10,heuristic_count,profit_per_launched_driver,-7.45,-7.45,-7.45,0.0,True,5
primary_yellow_green,yellow,primary_dispatch_d10_w5_det4,10,heuristic_count,served_riders,270.0,270.0,270.0,0.0,True,5
primary_yellow_green,yellow,primary_dispatch_d10_w5_det4,10,heuristic_count,rider_service_rate,0.069,0.069,0.069,0.0,True,5
primary_yellow_green,yellow,primary_dispatch_d10_w5_det4,10,heuristic_count,mean_wait_min,2.53,2.53,2.53,0.0,True,5
primary_yellow_green,yellow,primary_dispatch_d10_w5_det4,10,heuristic_count,mean_matched_riders_per_driver,0.27,0.27,0.27,0.0,True,5
primary_yellow_green,yellow,primary_dispatch_d10_w5_det4,10,heuristic_count,mean_eval_time_s,0.0174,0.0174,0.0174,0.0,True,5
primary_yellow_green,yellow,primary_dispatch_d10_w5_det4,10,heuristic_count,mean_batch_runtime_s,0.037,0.037,0.037,0.0,True,5
primary_yellow_green,yellow,primary_dispatch_d10_w5_det4,10,heuristic_fare_density,profit_per_launched_driver,-7.37,-7.37,-7.37,0.0,True,5
primary_yellow_green,yellow,primary_dispatch_d10_w5_det4,10,heuristic_fare_density,served_riders,280.0,280.0,280.0,0.0,True,5
primary_yellow_green,yellow,primary_dispatch_d10_w5_det4,10,heuristic_fare_density,rider_service_rate,0.071,0.071,0.071,0.0,True,5
primary_yellow_green,yellow,primary_dispatch_d10_w5_det4,10,heuristic_fare_density,mean_wait_min,2.53,2.53,2.53,0.0,True,5
primary_yellow_green,yellow,primary_dispatch_d10_w5_det4,10,heuristic_fare_density,mean_matched_riders_per_driver,0.28,0.28,0.28,0.0,True,5
primary_yellow_green,yellow,primary_dispatch_d10_w5_det4,10,heuristic_fare_density,mean_eval_time_s,0.0174,0.0174,0.0174,0.0,True,5
primary_yellow_green,yellow,primary_dispatch_d10_w5_det4,10,heuristic_fare_density,mean_batch_runtime_s,0.0371,0.0371,0.0371,0.0,True,5
primary_yellow_green,yellow,primary_dispatch_d10_w5_det4,10,heuristic_feasible_count,profit_per_launched_driver,-7.3,-7.3,-7.3,0.0,True,5
primary_yellow_green,yellow,primary_dispatch_d10_w5_det4,10,heuristic_feasible_count,served_riders,290.0,290.0,290.0,0.0,True,5
primary_yellow_green,yellow,primary_dispatch_d10_w5_det4,10,heuristic_feasible_count,rider_service_rate,0.074,0.074,0.074,0.0,True,5
primary_yellow_green,yellow,primary_dispatch_d10_w5_det4,10,heuristic_feasible_count,mean_wait_min,2.52,2.52,2.52,0.0,True,5
primary_yellow_green,yellow,primary_dispatch_d10_w5_det4,10,heuristic_feasible_count,mean_matched_riders_per_driver,0.29,0.29,0.29,0.0,True,5
primary_yellow_green,yellow,primary_dispatch_d10_w5_det4,10,heuristic_feasible_count,mean_eval_time_s,0.0174,0.0174,0.0174,0.0,True,5
primary_yellow_green,yellow,primary_dispatch_d10_w5_det4,10,heuristic_feasible_count,mean_batch_runtime_s,0.0371,0.0371,0.0371,0.0,True,5
primary_yellow_green,yellow,primary_dispatch_d10_w5_det4,10,heuristic_profit_proxy,profit_per_launched_driver,-7.51,-7.51,-7.51,0.0,True,5
primary_yellow_green,yellow,primary_dispatch_d10_w5_det4,10,heuristic_profit_proxy,served_riders,260.0,260.0,260.0,0.0,True,5
primary_yellow_green,yellow,primary_dispatch_d10_w5_det4,10,heuristic_profit_proxy,rider_service_rate,0.067,0.067,0.067,0.0,True,5
primary_yellow_green,yellow,primary_dispatch_d10_w5_det4,10,heuristic_profit_proxy,mean_wait_min,2.53,2.53,2.53,0.0,True,5
primary_yellow_green,yellow,primary_dispatch_d10_w5_det4,10,heuristic_profit_proxy,mean_matched_riders_per_driver,0.26,0.26,0.26,0.0,True,5
primary_yellow_green,yellow,primary_dispatch_d10_w5_det4,10,heuristic_profit_proxy,mean_eval_time_s,0.0174,0.0174,0.0174,0.0,True,5
primary_yellow_green,yellow,primary_dispatch_d10_w5_det4,10,heuristic_profit_proxy,mean_batch_runtime_s,0.0371,0.0371,0.0371,0.0,True,5
primary_yellow_green,yellow,primary_dispatch_d10_w5_det4,10,oracle,profit_per_launched_driver,-7.02,-7.02,-7.02,0.0,True,5
primary_yellow_green,yellow,primary_dispatch_d10_w5_det4,10,oracle,served_riders,290.0,290.0,290.0,0.0,True,5
primary_yellow_green,yellow,primary_dispatch_d10_w5_det4,10,oracle,rider_service_rate,0.074,0.074,0.074,0.0,True,5
primary_yellow_green,yellow,primary_dispatch_d10_w5_det4,10,oracle,mean_wait_min,2.54,2.54,2.54,0.0,True,5
primary_yellow_green,yellow,primary_dispatch_d10_w5_det4,10,oracle,mean_matched_riders_per_driver,0.29,0.29,0.29,0.0,True,5
primary_yellow_green,yellow,primary_dispatch_d10_w5_det4,10,oracle,mean_eval_time_s,0.0172,0.0172,0.0172,0.0,True,5
primary_yellow_green,yellow,primary_dispatch_d10_w5_det4,10,oracle,mean_batch_runtime_s,0.0366,0.0366,0.0366,0.0,True,5
primary_yellow_green,yellow,primary_dispatch_d10_w5_det4,10,warmup,profit_per_launched_driver,-7.15,-7.15,-7.15,0.0,True,5
primary_yellow_green,yellow,primary_dispatch_d10_w5_det4,10,warmup,served_riders,270.0,270.0,270.0,0.0,True,5
primary_yellow_green,yellow,primary_dispatch_d10_w5_det4,10,warmup,rider_service_rate,0.07,0.07,0.07,0.0,True,5
primary_yellow_green,yellow,primary_dispatch_d10_w5_det4,10,warmup,mean_wait_min,2.56,2.56,2.56,0.0,True,5
primary_yellow_green,yellow,primary_dispatch_d10_w5_det4,10,warmup,mean_matched_riders_per_driver,0.27,0.27,0.27,0.0,True,5
primary_yellow_green,yellow,primary_dispatch_d10_w5_det4,10,warmup,mean_eval_time_s,0.0173,0.0173,0.0173,0.0,True,5
primary_yellow_green,yellow,primary_dispatch_d10_w5_det4,10,warmup,mean_batch_runtime_s,0.0368999999999999,0.0368999999999999,0.0368999999999999,0.0,True,5
primary_yellow_green,green,primary_dispatch_d10_w5_det4,10,coldstart,profit_per_launched_driver,-7.66,-7.66,-7.66,0.0,True,5
primary_yellow_green,green,primary_dispatch_d10_w5_det4,10,coldstart,served_riders,20.0,20.0,20.0,0.0,True,5
primary_yellow_green,green,primary_dispatch_d10_w5_det4,10,coldstart,rider_service_rate,0.006,0.006,0.006,0.0,True,5
primary_yellow_green,green,primary_dispatch_d10_w5_det4,10,coldstart,mean_wait_min,1.87,1.87,1.87,0.0,True,5
primary_yellow_green,green,primary_dispatch_d10_w5_det4,10,coldstart,mean_matched_riders_per_driver,0.02,0.02,0.02,0.0,True,5
primary_yellow_green,green,primary_dispatch_d10_w5_det4,10,coldstart,mean_eval_time_s,0.017,0.017,0.017,0.0,True,5
primary_yellow_green,green,primary_dispatch_d10_w5_det4,10,coldstart,mean_batch_runtime_s,0.0357,0.0357,0.0357,0.0,True,5
primary_yellow_green,green,primary_dispatch_d10_w5_det4,10,heuristic_feasible_count,profit_per_launched_driver,-7.54,-7.54,-7.54,0.0,True,5
primary_yellow_green,green,primary_dispatch_d10_w5_det4,10,heuristic_feasible_count,served_riders,40.0,40.0,40.0,0.0,True,5
primary_yellow_green,green,primary_dispatch_d10_w5_det4,10,heuristic_feasible_count,rider_service_rate,0.011,0.011,0.011,0.0,True,5
primary_yellow_green,green,primary_dispatch_d10_w5_det4,10,heuristic_feasible_count,mean_wait_min,2.14,2.14,2.14,0.0,True,5
primary_yellow_green,green,primary_dispatch_d10_w5_det4,10,heuristic_feasible_count,mean_matched_riders_per_driver,0.04,0.04,0.04,0.0,True,5
primary_yellow_green,green,primary_dispatch_d10_w5_det4,10,heuristic_feasible_count,mean_eval_time_s,0.0171,0.0171,0.0171,0.0,True,5
primary_yellow_green,green,primary_dispatch_d10_w5_det4,10,heuristic_feasible_count,mean_batch_runtime_s,0.0358,0.0358,0.0358,0.0,True,5
primary_yellow_green,green,primary_dispatch_d10_w5_det4,10,oracle,profit_per_launched_driver,-7.25,-7.25,-7.25,0.0,True,5
primary_yellow_green,green,primary_dispatch_d10_w5_det4,10,oracle,served_riders,290.0,290.0,290.0,0.0,True,5
primary_yellow_green,green,primary_dispatch_d10_w5_det4,10,oracle,rider_service_rate,0.074,0.074,0.074,0.0,True,5
primary_yellow_green,green,primary_dispatch_d10_w5_det4,10,oracle,mean_wait_min,2.05,2.05,2.05,0.0,True,5
primary_yellow_green,green,primary_dispatch_d10_w5_det4,10,oracle,mean_matched_riders_per_driver,0.29,0.29,0.29,0.0,True,5
primary_yellow_green,green,primary_dispatch_d10_w5_det4,10,oracle,mean_eval_time_s,0.017,0.017,0.017,0.0,True,5
primary_yellow_green,green,primary_dispatch_d10_w5_det4,10,oracle,mean_batch_runtime_s,0.0356,0.0356,0.0356,0.0,True,5
primary_yellow_green,green,primary_dispatch_d10_w5_det4,10,warmup,profit_per_launched_driver,-7.27,-7.27,-7.27,0.0,True,5
primary_yellow_green,green,primary_dispatch_d10_w5_det4,10,warmup,served_riders,270.0,270.0,270.0,0.0,True,5
primary_yellow_green,green,primary_dispatch_d10_w5_det4,10,warmup,rider_service_rate,0.069,0.069,0.069,0.0,True,5
primary_yellow_green,green,primary_dispatch_d10_w5_det4,10,warmup,mean_wait_min,2.07,2.07,2.07,0.0,True,5
primary_yellow_green,green,primary_dispatch_d10_w5_det4,10,warmup,mean_matched_riders_per_driver,0.27,0.27,0.27,0.0,True,5
primary_yellow_green,green,primary_dispatch_d10_w5_det4,10,warmup,mean_eval_time_s,0.017,0.017,0.017,0.0,True,5
primary_yellow_green,green,primary_dispatch_d10_w5_det4,10,warmup,mean_batch_runtime_s,0.0357,0.0357,0.0357,0.0,True,5
yellow_density_sweep,yellow,dispatch_density_d100,100,coldstart,profit_per_launched_driver,-2.6,-2.6,-2.6,0.0,True,5
yellow_density_sweep,yellow,dispatch_density_d100,100,coldstart,served_riders,960.0,960.0,960.0,0.0,True,5
yellow_density_sweep,yellow,dispatch_density_d100,100,coldstart,rider_service_rate,0.24,0.24,0.24,0.0,True,5
yellow_density_sweep,yellow,dispatch_density_d100,100,coldstart,mean_wait_min,1.2,1.2,1.2,0.0,True,5
yellow_density_sweep,yellow,dispatch_density_d100,100,coldstart,mean_matched_riders_per_driver,0.96,0.96,0.96,0.0,True,5
yellow_density_sweep,yellow,dispatch_density_d100,100,coldstart,mean_eval_time_s,0.0173,0.0173,0.0173,0.0,True,5
yellow_density_sweep,yellow,dispatch_density_d100,100,coldstart,mean_batch_runtime_s,0.0368999999999999,0.0368999999999999,0.0368999999999999,0.0,True,5
yellow_density_sweep,yellow,dispatch_density_d100,100,heuristic_feasible_count,profit_per_launched_driver,-0.4,-0.4,-0.4,0.0,True,5
yellow_density_sweep,yellow,dispatch_density_d100,100,heuristic_feasible_count,served_riders,1180.0,1180.0,1180.0,0.0,True,5
yellow_density_sweep,yellow,dispatch_density_d100,100,heuristic_feasible_count,rider_service_rate,0.3,0.3,0.3,0.0,True,5
yellow_density_sweep,yellow,dispatch_density_d100,100,heuristic_feasible_count,mean_wait_min,1.22,1.22,1.22,0.0,True,5
yellow_density_sweep,yellow,dispatch_density_d100,100,heuristic_feasible_count,mean_matched_riders_per_driver,1.18,1.18,1.18,0.0,True,5
yellow_density_sweep,yellow,dispatch_density_d100,100,heuristic_feasible_count,mean_eval_time_s,0.0173,0.0173,0.0173,0.0,True,5
yellow_density_sweep,yellow,dispatch_density_d100,100,heuristic_feasible_count,mean_batch_runtime_s,0.0368999999999999,0.0368999999999999,0.0368999999999999,0.0,True,5
yellow_density_sweep,yellow,dispatch_density_d100,100,warmup,profit_per_launched_driver,-0.29,-0.29,-0.29,0.0,True,5
yellow_density_sweep,yellow,dispatch_density_d100,100,warmup,served_riders,1120.0,1120.0,1120.0,0.0,True,5
yellow_density_sweep,yellow,dispatch_density_d100,100,warmup,rider_service_rate,0.29,0.29,0.29,0.0,True,5
yellow_density_sweep,yellow,dispatch_density_d100,100,warmup,mean_wait_min,1.2,1.2,1.2,0.0,True,5
yellow_density_sweep,yellow,dispatch_density_d100,100,warmup,mean_matched_riders_per_driver,1.12,1.12,1.12,0.0,True,5
yellow_density_sweep,yellow,dispatch_density_d100,100,warmup,mean_eval_time_s,0.0173,0.0173,0.0173,0.0,True,5
yellow_density_sweep,yellow,dispatch_density_d100,100,warmup,mean_batch_runtime_s,0.0368999999999999,0.0368999999999999,0.0368999999999999,0.0,True,5
yellow_density_sweep,yellow,dispatch_density_d100,100,oracle,profit_per_launched_driver,0.15,0.15,0.15,0.0,True,5
yellow_density_sweep,yellow,dispatch_density_d100,100,oracle,served_riders,1240.0,1240.0,1240.0,0.0,True,5
yellow_density_sweep,yellow,dispatch_density_d100,100,oracle,rider_service_rate,0.31,0.31,0.31,0.0,True,5
yellow_density_sweep,yellow,dispatch_density_d100,100,oracle,mean_wait_min,1.25,1.25,1.25,0.0,True,5
yellow_density_sweep,yellow,dispatch_density_d100,100,oracle,mean_matched_riders_per_driver,1.24,1.24,1.24,0.0,True,5
yellow_density_sweep,yellow,dispatch_density_d100,100,oracle,mean_eval_time_s,0.0173,0.0173,0.0173,0.0,True,5
yellow_density_sweep,yellow,dispatch_density_d100,100,oracle,mean_batch_runtime_s,0.0368999999999999,0.0368999999999999,0.0368999999999999,0.0,True,5
yellow_density_sweep,yellow,dispatch_density_d25,25,coldstart,profit_per_launched_driver,-6.87,-6.87,-6.87,0.0,True,5
yellow_density_sweep,yellow,dispatch_density_d25,25,coldstart,served_riders,350.0,350.0,350.0,0.0,True,5
yellow_density_sweep,yellow,dispatch_density_d25,25,coldstart,rider_service_rate,0.08,0.08,0.08,0.0,True,5
yellow_density_sweep,yellow,dispatch_density_d25,25,coldstart,mean_wait_min,1.95,1.95,1.95,0.0,True,5
yellow_density_sweep,yellow,dispatch_density_d25,25,coldstart,mean_matched_riders_per_driver,0.35,0.35,0.35,0.0,True,5
yellow_density_sweep,yellow,dispatch_density_d25,25,coldstart,mean_eval_time_s,0.0173,0.0173,0.0173,0.0,True,5
yellow_density_sweep,yellow,dispatch_density_d25,25,coldstart,mean_batch_runtime_s,0.0368999999999999,0.0368999999999999,0.0368999999999999,0.0,True,5
yellow_density_sweep,yellow,dispatch_density_d25,25,heuristic_feasible_count,profit_per_launched_driver,-5.63,-5.63,-5.63,0.0,True,5
yellow_density_sweep,yellow,dispatch_density_d25,25,heuristic_feasible_count,served_riders,580.0,580.0,580.0,0.0,True,5
yellow_density_sweep,yellow,dispatch_density_d25,25,heuristic_feasible_count,rider_service_rate,0.14,0.14,0.14,0.0,True,5
yellow_density_sweep,yellow,dispatch_density_d25,25,heuristic_feasible_count,mean_wait_min,2.21,2.21,2.21,0.0,True,5
yellow_density_sweep,yellow,dispatch_density_d25,25,heuristic_feasible_count,mean_matched_riders_per_driver,0.58,0.58,0.58,0.0,True,5
yellow_density_sweep,yellow,dispatch_density_d25,25,heuristic_feasible_count,mean_eval_time_s,0.0173,0.0173,0.0173,0.0,True,5
yellow_density_sweep,yellow,dispatch_density_d25,25,heuristic_feasible_count,mean_batch_runtime_s,0.0368999999999999,0.0368999999999999,0.0368999999999999,0.0,True,5
yellow_density_sweep,yellow,dispatch_density_d25,25,warmup,profit_per_launched_driver,-5.48,-5.48,-5.48,0.0,True,5
yellow_density_sweep,yellow,dispatch_density_d25,25,warmup,served_riders,530.0,530.0,530.0,0.0,True,5
yellow_density_sweep,yellow,dispatch_density_d25,25,warmup,rider_service_rate,0.13,0.13,0.13,0.0,True,5
yellow_density_sweep,yellow,dispatch_density_d25,25,warmup,mean_wait_min,2.18,2.18,2.18,0.0,True,5
yellow_density_sweep,yellow,dispatch_density_d25,25,warmup,mean_matched_riders_per_driver,0.53,0.53,0.53,0.0,True,5
yellow_density_sweep,yellow,dispatch_density_d25,25,warmup,mean_eval_time_s,0.0173,0.0173,0.0173,0.0,True,5
yellow_density_sweep,yellow,dispatch_density_d25,25,warmup,mean_batch_runtime_s,0.0368999999999999,0.0368999999999999,0.0368999999999999,0.0,True,5
yellow_density_sweep,yellow,dispatch_density_d25,25,oracle,profit_per_launched_driver,-5.3,-5.3,-5.3,0.0,True,5
yellow_density_sweep,yellow,dispatch_density_d25,25,oracle,served_riders,590.0,590.0,590.0,0.0,True,5
yellow_density_sweep,yellow,dispatch_density_d25,25,oracle,rider_service_rate,0.15,0.15,0.15,0.0,True,5
yellow_density_sweep,yellow,dispatch_density_d25,25,oracle,mean_wait_min,2.19,2.19,2.19,0.0,True,5
yellow_density_sweep,yellow,dispatch_density_d25,25,oracle,mean_matched_riders_per_driver,0.59,0.59,0.59,0.0,True,5
yellow_density_sweep,yellow,dispatch_density_d25,25,oracle,mean_eval_time_s,0.0173,0.0173,0.0173,0.0,True,5
yellow_density_sweep,yellow,dispatch_density_d25,25,oracle,mean_batch_runtime_s,0.0368999999999999,0.0368999999999999,0.0368999999999999,0.0,True,5
yellow_density_sweep,yellow,dispatch_density_d10,10,coldstart,profit_per_launched_driver,-8.08,-8.08,-8.08,0.0,True,5
yellow_density_sweep,yellow,dispatch_density_d10,10,coldstart,served_riders,160.0,160.0,160.0,0.0,True,5
yellow_density_sweep,yellow,dispatch_density_d10,10,coldstart,rider_service_rate,0.041,0.041,0.041,0.0,True,5
yellow_density_sweep,yellow,dispatch_density_d10,10,coldstart,mean_wait_min,2.51,2.51,2.51,0.0,True,5
yellow_density_sweep,yellow,dispatch_density_d10,10,coldstart,mean_matched_riders_per_driver,0.16,0.16,0.16,0.0,True,5
yellow_density_sweep,yellow,dispatch_density_d10,10,coldstart,mean_eval_time_s,0.0173,0.0173,0.0173,0.0,True,5
yellow_density_sweep,yellow,dispatch_density_d10,10,coldstart,mean_batch_runtime_s,0.0368999999999999,0.0368999999999999,0.0368999999999999,0.0,True,5
yellow_density_sweep,yellow,dispatch_density_d10,10,heuristic_feasible_count,profit_per_launched_driver,-7.3,-7.3,-7.3,0.0,True,5
yellow_density_sweep,yellow,dispatch_density_d10,10,heuristic_feasible_count,served_riders,290.0,290.0,290.0,0.0,True,5
yellow_density_sweep,yellow,dispatch_density_d10,10,heuristic_feasible_count,rider_service_rate,0.074,0.074,0.074,0.0,True,5
yellow_density_sweep,yellow,dispatch_density_d10,10,heuristic_feasible_count,mean_wait_min,2.52,2.52,2.52,0.0,True,5
yellow_density_sweep,yellow,dispatch_density_d10,10,heuristic_feasible_count,mean_matched_riders_per_driver,0.29,0.29,0.29,0.0,True,5
yellow_density_sweep,yellow,dispatch_density_d10,10,heuristic_feasible_count,mean_eval_time_s,0.0173,0.0173,0.0173,0.0,True,5
yellow_density_sweep,yellow,dispatch_density_d10,10,heuristic_feasible_count,mean_batch_runtime_s,0.0368999999999999,0.0368999999999999,0.0368999999999999,0.0,True,5
yellow_density_sweep,yellow,dispatch_density_d10,10,warmup,profit_per_launched_driver,-7.15,-7.15,-7.15,0.0,True,5
yellow_density_sweep,yellow,dispatch_density_d10,10,warmup,served_riders,270.0,270.0,270.0,0.0,True,5
yellow_density_sweep,yellow,dispatch_density_d10,10,warmup,rider_service_rate,0.07,0.07,0.07,0.0,True,5
yellow_density_sweep,yellow,dispatch_density_d10,10,warmup,mean_wait_min,2.56,2.56,2.56,0.0,True,5
yellow_density_sweep,yellow,dispatch_density_d10,10,warmup,mean_matched_riders_per_driver,0.27,0.27,0.27,0.0,True,5
yellow_density_sweep,yellow,dispatch_density_d10,10,warmup,mean_eval_time_s,0.0173,0.0173,0.0173,0.0,True,5
yellow_density_sweep,yellow,dispatch_density_d10,10,warmup,mean_batch_runtime_s,0.0368999999999999,0.0368999999999999,0.0368999999999999,0.0,True,5
yellow_density_sweep,yellow,dispatch_density_d10,10,oracle,profit_per_launched_driver,-7.02,-7.02,-7.02,0.0,True,5
yellow_density_sweep,yellow,dispatch_density_d10,10,oracle,served_riders,290.0,290.0,290.0,0.0,True,5
yellow_density_sweep,yellow,dispatch_density_d10,10,oracle,rider_service_rate,0.074,0.074,0.074,0.0,True,5
yellow_density_sweep,yellow,dispatch_density_d10,10,oracle,mean_wait_min,2.54,2.54,2.54,0.0,True,5
yellow_density_sweep,yellow,dispatch_density_d10,10,oracle,mean_matched_riders_per_driver,0.29,0.29,0.29,0.0,True,5
yellow_density_sweep,yellow,dispatch_density_d10,10,oracle,mean_eval_time_s,0.0173,0.0173,0.0173,0.0,True,5
yellow_density_sweep,yellow,dispatch_density_d10,10,oracle,mean_batch_runtime_s,0.0368999999999999,0.0368999999999999,0.0368999999999999,0.0,True,5
yellow_density_sweep,green,dispatch_density_d100,100,coldstart,profit_per_launched_driver,-2.2,-2.2,-2.2,0.0,True,5
yellow_density_sweep,green,dispatch_density_d100,100,coldstart,served_riders,860.0,860.0,860.0,0.0,True,5
yellow_density_sweep,green,dispatch_density_d100,100,coldstart,rider_service_rate,0.21,0.21,0.21,0.0,True,5
yellow_density_sweep,green,dispatch_density_d100,100,coldstart,mean_wait_min,1.71,1.71,1.71,0.0,True,5
yellow_density_sweep,green,dispatch_density_d100,100,coldstart,mean_matched_riders_per_driver,0.86,0.86,0.86,0.0,True,5
yellow_density_sweep,green,dispatch_density_d100,100,coldstart,mean_eval_time_s,0.0173,0.0173,0.0173,0.0,True,5
yellow_density_sweep,green,dispatch_density_d100,100,coldstart,mean_batch_runtime_s,0.0368999999999999,0.0368999999999999,0.0368999999999999,0.0,True,5
yellow_density_sweep,green,dispatch_density_d100,100,heuristic_feasible_count,profit_per_launched_driver,-0.55,-0.55,-0.55,0.0,True,5
yellow_density_sweep,green,dispatch_density_d100,100,heuristic_feasible_count,served_riders,1010.0,1010.0,1010.0,0.0,True,5
yellow_density_sweep,green,dispatch_density_d100,100,heuristic_feasible_count,rider_service_rate,0.25,0.25,0.25,0.0,True,5
yellow_density_sweep,green,dispatch_density_d100,100,heuristic_feasible_count,mean_wait_min,1.82,1.82,1.82,0.0,True,5
yellow_density_sweep,green,dispatch_density_d100,100,heuristic_feasible_count,mean_matched_riders_per_driver,1.01,1.01,1.01,0.0,True,5
yellow_density_sweep,green,dispatch_density_d100,100,heuristic_feasible_count,mean_eval_time_s,0.0173,0.0173,0.0173,0.0,True,5
yellow_density_sweep,green,dispatch_density_d100,100,heuristic_feasible_count,mean_batch_runtime_s,0.0368999999999999,0.0368999999999999,0.0368999999999999,0.0,True,5
yellow_density_sweep,green,dispatch_density_d100,100,warmup,profit_per_launched_driver,-0.41,-0.41,-0.41,0.0,True,5
yellow_density_sweep,green,dispatch_density_d100,100,warmup,served_riders,970.0,970.0,970.0,0.0,True,5
yellow_density_sweep,green,dispatch_density_d100,100,warmup,rider_service_rate,0.24,0.24,0.24,0.0,True,5
yellow_density_sweep,green,dispatch_density_d100,100,warmup,mean_wait_min,1.79,1.79,1.79,0.0,True,5
yellow_density_sweep,green,dispatch_density_d100,100,warmup,mean_matched_riders_per_driver,0.97,0.97,0.97,0.0,True,5
yellow_density_sweep,green,dispatch_density_d100,100,warmup,mean_eval_time_s,0.0173,0.0173,0.0173,0.0,True,5
yellow_density_sweep,green,dispatch_density_d100,100,warmup,mean_batch_runtime_s,0.0368999999999999,0.0368999999999999,0.0368999999999999,0.0,True,5
yellow_density_sweep,green,dispatch_density_d100,100,oracle,profit_per_launched_driver,-0.2,-0.2,-0.2,0.0,True,5
yellow_density_sweep,green,dispatch_density_d100,100,oracle,served_riders,1060.0,1060.0,1060.0,0.0,True,5
yellow_density_sweep,green,dispatch_density_d100,100,oracle,rider_service_rate,0.26,0.26,0.26,0.0,True,5
yellow_density_sweep,green,dispatch_density_d100,100,oracle,mean_wait_min,1.8,1.8,1.8,0.0,True,5
yellow_density_sweep,green,dispatch_density_d100,100,oracle,mean_matched_riders_per_driver,1.06,1.06,1.06,0.0,True,5
yellow_density_sweep,green,dispatch_density_d100,100,oracle,mean_eval_time_s,0.0173,0.0173,0.0173,0.0,True,5
yellow_density_sweep,green,dispatch_density_d100,100,oracle,mean_batch_runtime_s,0.0368999999999999,0.0368999999999999,0.0368999999999999,0.0,True,5
yellow_density_sweep,green,dispatch_density_d25,25,coldstart,profit_per_launched_driver,-6.52,-6.52,-6.52,0.0,True,5
yellow_density_sweep,green,dispatch_density_d25,25,coldstart,served_riders,220.0,220.0,220.0,0.0,True,5
yellow_density_sweep,green,dispatch_density_d25,25,coldstart,rider_service_rate,0.05,0.05,0.05,0.0,True,5
yellow_density_sweep,green,dispatch_density_d25,25,coldstart,mean_wait_min,1.96,1.96,1.96,0.0,True,5
yellow_density_sweep,green,dispatch_density_d25,25,coldstart,mean_matched_riders_per_driver,0.22,0.22,0.22,0.0,True,5
yellow_density_sweep,green,dispatch_density_d25,25,coldstart,mean_eval_time_s,0.0173,0.0173,0.0173,0.0,True,5
yellow_density_sweep,green,dispatch_density_d25,25,coldstart,mean_batch_runtime_s,0.0368999999999999,0.0368999999999999,0.0368999999999999,0.0,True,5
yellow_density_sweep,green,dispatch_density_d25,25,heuristic_feasible_count,profit_per_launched_driver,-5.88,-5.88,-5.88,0.0,True,5
yellow_density_sweep,green,dispatch_density_d25,25,heuristic_feasible_count,served_riders,340.0,340.0,340.0,0.0,True,5
yellow_density_sweep,green,dispatch_density_d25,25,heuristic_feasible_count,rider_service_rate,0.08,0.08,0.08,0.0,True,5
yellow_density_sweep,green,dispatch_density_d25,25,heuristic_feasible_count,mean_wait_min,2.1,2.1,2.1,0.0,True,5
yellow_density_sweep,green,dispatch_density_d25,25,heuristic_feasible_count,mean_matched_riders_per_driver,0.34,0.34,0.34,0.0,True,5
yellow_density_sweep,green,dispatch_density_d25,25,heuristic_feasible_count,mean_eval_time_s,0.0173,0.0173,0.0173,0.0,True,5
yellow_density_sweep,green,dispatch_density_d25,25,heuristic_feasible_count,mean_batch_runtime_s,0.0368999999999999,0.0368999999999999,0.0368999999999999,0.0,True,5
yellow_density_sweep,green,dispatch_density_d25,25,warmup,profit_per_launched_driver,-5.61,-5.61,-5.61,0.0,True,5
yellow_density_sweep,green,dispatch_density_d25,25,warmup,served_riders,330.0,330.0,330.0,0.0,True,5
yellow_density_sweep,green,dispatch_density_d25,25,warmup,rider_service_rate,0.08,0.08,0.08,0.0,True,5
yellow_density_sweep,green,dispatch_density_d25,25,warmup,mean_wait_min,2.08,2.08,2.08,0.0,True,5
yellow_density_sweep,green,dispatch_density_d25,25,warmup,mean_matched_riders_per_driver,0.33,0.33,0.33,0.0,True,5
yellow_density_sweep,green,dispatch_density_d25,25,warmup,mean_eval_time_s,0.0173,0.0173,0.0173,0.0,True,5
yellow_density_sweep,green,dispatch_density_d25,25,warmup,mean_batch_runtime_s,0.0368999999999999,0.0368999999999999,0.0368999999999999,0.0,True,5
yellow_density_sweep,green,dispatch_density_d25,25,oracle,profit_per_launched_driver,-5.42,-5.42,-5.42,0.0,True,5
yellow_density_sweep,green,dispatch_density_d25,25,oracle,served_riders,360.0,360.0,360.0,0.0,True,5
yellow_density_sweep,green,dispatch_density_d25,25,oracle,rider_service_rate,0.09,0.09,0.09,0.0,True,5
yellow_density_sweep,green,dispatch_density_d25,25,oracle,mean_wait_min,2.06,2.06,2.06,0.0,True,5
yellow_density_sweep,green,dispatch_density_d25,25,oracle,mean_matched_riders_per_driver,0.36,0.36,0.36,0.0,True,5
yellow_density_sweep,green,dispatch_density_d25,25,oracle,mean_eval_time_s,0.0173,0.0173,0.0173,0.0,True,5
yellow_density_sweep,green,dispatch_density_d25,25,oracle,mean_batch_runtime_s,0.0368999999999999,0.0368999999999999,0.0368999999999999,0.0,True,5
yellow_density_sweep,green,dispatch_density_d10,10,coldstart,profit_per_launched_driver,-7.66,-7.66,-7.66,0.0,True,5
yellow_density_sweep,green,dispatch_density_d10,10,coldstart,served_riders,20.0,20.0,20.0,0.0,True,5
yellow_density_sweep,green,dispatch_density_d10,10,coldstart,rider_service_rate,0.006,0.006,0.006,0.0,True,5
yellow_density_sweep,green,dispatch_density_d10,10,coldstart,mean_wait_min,1.87,1.87,1.87,0.0,True,5
yellow_density_sweep,green,dispatch_density_d10,10,coldstart,mean_matched_riders_per_driver,0.02,0.02,0.02,0.0,True,5
yellow_density_sweep,green,dispatch_density_d10,10,coldstart,mean_eval_time_s,0.0173,0.0173,0.0173,0.0,True,5
yellow_density_sweep,green,dispatch_density_d10,10,coldstart,mean_batch_runtime_s,0.0368999999999999,0.0368999999999999,0.0368999999999999,0.0,True,5
yellow_density_sweep,green,dispatch_density_d10,10,heuristic_feasible_count,profit_per_launched_driver,-7.54,-7.54,-7.54,0.0,True,5
yellow_density_sweep,green,dispatch_density_d10,10,heuristic_feasible_count,served_riders,40.0,40.0,40.0,0.0,True,5
yellow_density_sweep,green,dispatch_density_d10,10,heuristic_feasible_count,rider_service_rate,0.011,0.011,0.011,0.0,True,5
yellow_density_sweep,green,dispatch_density_d10,10,heuristic_feasible_count,mean_wait_min,2.14,2.14,2.14,0.0,True,5
yellow_density_sweep,green,dispatch_density_d10,10,heuristic_feasible_count,mean_matched_riders_per_driver,0.04,0.04,0.04,0.0,True,5
yellow_density_sweep,green,dispatch_density_d10,10,heuristic_feasible_count,mean_eval_time_s,0.0173,0.0173,0.0173,0.0,True,5
yellow_density_sweep,green,dispatch_density_d10,10,heuristic_feasible_count,mean_batch_runtime_s,0.0368999999999999,0.0368999999999999,0.0368999999999999,0.0,True,5
yellow_density_sweep,green,dispatch_density_d10,10,warmup,profit_per_launched_driver,-7.27,-7.27,-7.27,0.0,True,5
yellow_density_sweep,green,dispatch_density_d10,10,warmup,served_riders,270.0,270.0,270.0,0.0,True,5
yellow_density_sweep,green,dispatch_density_d10,10,warmup,rider_service_rate,0.069,0.069,0.069,0.0,True,5
yellow_density_sweep,green,dispatch_density_d10,10,warmup,mean_wait_min,2.07,2.07,2.07,0.0,True,5
yellow_density_sweep,green,dispatch_density_d10,10,warmup,mean_matched_riders_per_driver,0.27,0.27,0.27,0.0,True,5
yellow_density_sweep,green,dispatch_density_d10,10,warmup,mean_eval_time_s,0.0173,0.0173,0.0173,0.0,True,5
yellow_density_sweep,green,dispatch_density_d10,10,warmup,mean_batch_runtime_s,0.0368999999999999,0.0368999999999999,0.0368999999999999,0.0,True,5
yellow_density_sweep,green,dispatch_density_d10,10,oracle,profit_per_launched_driver,-7.25,-7.25,-7.25,0.0,True,5
yellow_density_sweep,green,dispatch_density_d10,10,oracle,served_riders,290.0,290.0,290.0,0.0,True,5
yellow_density_sweep,green,dispatch_density_d10,10,oracle,rider_service_rate,0.074,0.074,0.074,0.0,True,5
yellow_density_sweep,green,dispatch_density_d10,10,oracle,mean_wait_min,2.05,2.05,2.05,0.0,True,5
yellow_density_sweep,green,dispatch_density_d10,10,oracle,mean_matched_riders_per_driver,0.29,0.29,0.29,0.0,True,5
yellow_density_sweep,green,dispatch_density_d10,10,oracle,mean_eval_time_s,0.0173,0.0173,0.0173,0.0,True,5
yellow_density_sweep,green,dispatch_density_d10,10,oracle,mean_batch_runtime_s,0.0368999999999999,0.0368999999999999,0.0368999999999999,0.0,True,5
