candidate,source_url,trip_level_od,coordinates,timestamps,economics,license_or_terms,decision,paper_action
Chicago Transportation Network Providers / Taxi,https://data.cityofchicago.org/Transportation/Transportation-Network-Providers-Trips-2020/rmc8-eqv4,Yes,Pickup/drop-off centroids; privacy-rounded census/community areas,Rounded to nearest 15 minutes,Fare rounded to nearest $2.50; trip total available,City of Chicago open data terms,Best external-city candidate; usable only with centroid/rounding disclosure,Attempt if time permits; otherwise cite as audited but not used because exact-point comparability differs from NYC 2015
Porto Taxi Trajectories,https://figshare.com/articles/dataset/Porto_taxi_trajectories/12302165,Yes,Origin/target GPS points and trajectories,Trip start Unix timestamp,No comparable fare field in common public release,CC BY 4.0 on Figshare derivative,"Useful for route/candidate mechanics, weak for profit/economics",Do not force into primary paper unless economics are explicitly removed
Washington DC Taxi,https://opendata.dc.gov/,Partially,Block/airport-assigned locations in public releases,Often hour-rounded,Fare fields may exist,DC open data terms,Too coarse for exact-request-window matching,Exclude and soften external-city claims
NYC HVFHV / FHV,https://data.cityofnewyork.us/Transportation/High-Volume-FHV-filtered-data/ex75-t645,Yes,"Taxi-zone IDs, not point coordinates",Pickup/drop-off timestamps,Limited public fare detail; shared-ride flags in some releases,NYC Open Data terms,"Ride-hailing context, but not an external city and weaker spatial precision","Mention as future native pooled-request direction, not robustness evidence"
San Francisco municipal open-data portal,https://data.sfgov.org/,No comparable official trip-level taxi/TNC OD table found in portal audit,"Mostly aggregate transportation, permits, incidents, complaints, transit feeds, or non-taxi mobility data",Not comparable for public taxi/TNC OD matching,Not comparable for public taxi/TNC scenario-profit evaluation,City portal terms vary by dataset,No clean match found,Do not add weak data; state public external-city limitation
Los Angeles municipal open-data portal,https://data.lacity.org/,No comparable official trip-level taxi/TNC OD table found in portal audit,"Mostly aggregate transportation, permits, incidents, complaints, transit feeds, or non-taxi mobility data",Not comparable for public taxi/TNC OD matching,Not comparable for public taxi/TNC scenario-profit evaluation,City portal terms vary by dataset,No clean match found,Do not add weak data; state public external-city limitation
Austin municipal open-data portal,https://data.austintexas.gov/,No comparable official trip-level taxi/TNC OD table found in portal audit,"Mostly aggregate transportation, permits, incidents, complaints, transit feeds, or non-taxi mobility data",Not comparable for public taxi/TNC OD matching,Not comparable for public taxi/TNC scenario-profit evaluation,City portal terms vary by dataset,No clean match found,Do not add weak data; state public external-city limitation
Seattle municipal open-data portal,https://data.seattle.gov/,No comparable official trip-level taxi/TNC OD table found in portal audit,"Mostly aggregate transportation, permits, incidents, complaints, transit feeds, or non-taxi mobility data",Not comparable for public taxi/TNC OD matching,Not comparable for public taxi/TNC scenario-profit evaluation,City portal terms vary by dataset,No clean match found,Do not add weak data; state public external-city limitation
Toronto municipal open-data portal,https://open.toronto.ca/,No comparable official trip-level taxi/TNC OD table found in portal audit,"Mostly aggregate transportation, permits, incidents, complaints, transit feeds, or non-taxi mobility data",Not comparable for public taxi/TNC OD matching,Not comparable for public taxi/TNC scenario-profit evaluation,City portal terms vary by dataset,No clean match found,Do not add weak data; state public external-city limitation
Boston municipal open-data portal,https://data.boston.gov/,No comparable official trip-level taxi/TNC OD table found in portal audit,"Mostly aggregate transportation, permits, incidents, complaints, transit feeds, or non-taxi mobility data",Not comparable for public taxi/TNC OD matching,Not comparable for public taxi/TNC scenario-profit evaluation,City portal terms vary by dataset,No clean match found,Do not add weak data; state public external-city limitation
Philadelphia municipal open-data portal,https://opendataphilly.org/,No comparable official trip-level taxi/TNC OD table found in portal audit,"Mostly aggregate transportation, permits, incidents, complaints, transit feeds, or non-taxi mobility data",Not comparable for public taxi/TNC OD matching,Not comparable for public taxi/TNC scenario-profit evaluation,City portal terms vary by dataset,No clean match found,Do not add weak data; state public external-city limitation
Dallas municipal open-data portal,https://www.dallasopendata.com/,No comparable official trip-level taxi/TNC OD table found in portal audit,"Mostly aggregate transportation, permits, incidents, complaints, transit feeds, or non-taxi mobility data",Not comparable for public taxi/TNC OD matching,Not comparable for public taxi/TNC scenario-profit evaluation,City portal terms vary by dataset,No clean match found,Do not add weak data; state public external-city limitation
Houston municipal open-data portal,https://data.houstontx.gov/,No comparable official trip-level taxi/TNC OD table found in portal audit,"Mostly aggregate transportation, permits, incidents, complaints, transit feeds, or non-taxi mobility data",Not comparable for public taxi/TNC OD matching,Not comparable for public taxi/TNC scenario-profit evaluation,City portal terms vary by dataset,No clean match found,Do not add weak data; state public external-city limitation
